{
  "optimized": {
    "query_id": "01c1bfc4-0307-805f-001c-99870c4d11e2",
    "python_time": 24.340911166975275,
    "metrics": {
      "query_id": "01c1bfc4-0307-805f-001c-99870c4d11e2",
      "execution_time": 16932,
      "total_elapsed_time": 20709,
      "bytes_scanned": 18829934576,
      "rows_produced": 10000
    }
  },
  "non_optimized": {
    "query_id": "01c1bfc3-0307-805f-001c-99870c4d11ba",
    "python_time": 59.81769545795396,
    "metrics": {
      "query_id": "01c1bfc3-0307-805f-001c-99870c4d11ba",
      "execution_time": 50378,
      "total_elapsed_time": 56612,
      "bytes_scanned": 34697379088,
      "rows_produced": 10000
    }
  },
  "validation": {
    "pass": false,
    "details": {
      "row_count_match": true,
      "column_match": true,
      "values_match": false,
      "details": [
        "4545 rows with value differences"
      ]
    }
  }
}